clade,pos,allele
2,490878,G
2,804997,T
2,941068,A
2,1124266,G
2,1442194,T
2,2059920,A
2,2333994,T
2,3421983,C
5,173274,T
5,348430,T
5,382207,C
5,385958,T
5,437554,G
5,442790,G
5,489248,T
5,601376,T
5,620164,T
5,696959,G
5,879213,G
5,986236,A
5,1104961,T
5,1157833,A
5,1167196,T
5,1172340,A
5,1275684,T
5,1517446,A
5,1547541,G
5,1553163,T
5,1598943,T
5,1599622,C
5,1627241,T
5,1817926,C
5,1845620,T
5,1966482,T
5,2025824,A
5,2180448,T
5,2222923,C
5,2227445,C
5,2266656,T
5,2318602,C
5,2417726,C
5,2630159,A
5,2693086,A
5,2780251,A
5,2839071,G
5,3047477,T
5,3091244,C
5,3306855,A
5,3355777,T
5,3556591,C
5,3564724,A
5,3609648,C
5,3642896,A
5,3730345,A
4,20333,G
4,180500,C
4,424759,T
4,425027,T
4,459825,A
4,496135,G
4,546203,C
4,693572,T
4,800115,T
4,963182,A
4,990499,A
4,1014399,T
4,1087297,T
4,1167032,G
4,1175327,T
4,1238190,G
4,1246713,C
4,1515630,C
4,1606162,G
4,1864406,C
4,2048129,G
4,2276672,T
4,2437708,A
4,2673142,A
4,2690400,T
4,2719246,A
4,3633047,A
4,3795962,A
6,32965,A
6,98466,A
6,229842,T
6,244849,A
6,716912,A
6,806012,A
6,857698,A
6,1035154,C
6,1168866,A
6,1302224,T
6,1416441,G
6,1511433,C
6,1526273,G
6,1527276,A
6,1598692,G
6,1599544,C
6,1746821,G
6,2213303,C
6,2291919,G
6,2410527,C
6,2747336,C
6,2881635,C
6,3207200,A
6,3577320,C
6,3773957,A
3,51709,T
3,108311,T
3,110468,T
3,114698,A
3,120992,C
3,265182,T
3,358803,A
3,639445,G
3,664995,G
3,723490,A
3,780309,T
3,801512,G
3,980247,T
3,1099359,C
3,1180430,C
3,1227581,A
3,1379936,C
3,1476912,C
3,1701347,A
3,1823941,C
3,1901405,A
3,1959370,G
3,2059485,G
3,2069399,G
3,2075467,A
3,2108751,C
3,2134170,A
3,2194506,C
3,2310281,T
3,2346250,G
3,2387792,G
3,2460046,T
3,2483469,C
3,2576192,G
3,2653746,T
3,2692514,C
3,2695705,T
3,2704637,A
3,2721836,A
3,2756341,G
3,2772138,C
3,2792098,G
3,2821806,G
3,2855123,A
3,2867688,G
3,3061657,A
3,3115153,G
3,3125805,T
3,3411400,T
3,3574802,A
3,3642737,C
3,3828728,A
7,60242,A
7,100641,G
7,120010,C
7,178856,G
7,397152,T
7,397288,G
7,683059,G
7,988040,G
7,1082850,T
7,1138107,T
7,1442722,G
7,1534285,C
7,1537195,C
7,1650955,A
7,1694549,G
7,1803269,G
7,1886704,G
7,1947231,A
7,1988995,G
7,2207089,A
7,2313176,T
7,2572403,A
7,2687672,T
7,2873040,T
7,2901399,A
7,2904872,A
7,2905191,T
7,2937773,T
7,2965418,A
7,3091738,T
7,3094391,T
7,3159999,G
7,3215158,A
7,3547794,A
7,3821162,G
7,3830688,A
1,549799,T
1,1366652,T
1,3091888,G
1,3247992,A
1,3674772,A
8,116750,T
8,189424,G
8,309686,C
8,361749,C
8,847753,T
8,876220,A
8,989680,A
8,1112054,A
8,1211730,A
8,1259313,C
8,1292557,T
8,1359029,T
8,1361655,A
8,1459039,T
8,1476457,A
8,1598824,A
8,1708087,A
8,1708174,T
8,1916381,A
8,1934828,A
8,1983231,G
8,1991909,G
8,2303333,G
8,2383122,A
8,2668521,C
8,2696102,G
8,2716617,C
8,2757500,T
8,2935950,T
8,2944945,T
8,3191587,T
8,3256582,A
8,3440364,A
8,3772840,C
